"","RegionName","RegionID","State","Metro","StateCodeFIPS","MunicipalCodeFIPS","SizeRank","X1996.04","X1996.05","X1996.06","X1996.07","X1996.08","X1996.09","X1996.10","X1996.11","X1996.12","X1997.01","X1997.02","X1997.03","X1997.04","X1997.05","X1997.06","X1997.07","X1997.08","X1997.09","X1997.10","X1997.11","X1997.12","X1998.01","X1998.02","X1998.03","X1998.04","X1998.05","X1998.06","X1998.07","X1998.08","X1998.09","X1998.10","X1998.11","X1998.12","X1999.01","X1999.02","X1999.03","X1999.04","X1999.05","X1999.06","X1999.07","X1999.08","X1999.09","X1999.10","X1999.11","X1999.12","X2000.01","X2000.02","X2000.03","X2000.04","X2000.05","X2000.06","X2000.07","X2000.08","X2000.09","X2000.10","X2000.11","X2000.12","X2001.01","X2001.02","X2001.03","X2001.04","X2001.05","X2001.06","X2001.07","X2001.08","X2001.09","X2001.10","X2001.11","X2001.12","X2002.01","X2002.02","X2002.03","X2002.04","X2002.05","X2002.06","X2002.07","X2002.08","X2002.09","X2002.10","X2002.11","X2002.12","X2003.01","X2003.02","X2003.03","X2003.04","X2003.05","X2003.06","X2003.07","X2003.08","X2003.09","X2003.10","X2003.11","X2003.12","X2004.01","X2004.02","X2004.03","X2004.04","X2004.05","X2004.06","X2004.07","X2004.08","X2004.09","X2004.10","X2004.11","X2004.12","X2005.01","X2005.02","X2005.03","X2005.04","X2005.05","X2005.06","X2005.07","X2005.08","X2005.09","X2005.10","X2005.11","X2005.12","X2006.01","X2006.02","X2006.03","X2006.04","X2006.05","X2006.06","X2006.07","X2006.08","X2006.09","X2006.10","X2006.11","X2006.12","X2007.01","X2007.02","X2007.03","X2007.04","X2007.05","X2007.06","X2007.07","X2007.08","X2007.09","X2007.10","X2007.11","X2007.12","X2008.01","X2008.02","X2008.03","X2008.04","X2008.05","X2008.06","X2008.07","X2008.08","X2008.09","X2008.10","X2008.11","X2008.12","X2009.01","X2009.02","X2009.03","X2009.04","X2009.05","X2009.06","X2009.07","X2009.08","X2009.09","X2009.10","X2009.11","X2009.12","X2010.01","X2010.02","X2010.03","X2010.04","X2010.05","X2010.06","X2010.07","X2010.08","X2010.09","X2010.10","X2010.11","X2010.12","X2011.01","X2011.02","X2011.03","X2011.04","X2011.05","X2011.06","X2011.07","X2011.08","X2011.09","X2011.10","X2011.11","X2011.12","X2012.01","X2012.02","X2012.03","X2012.04","X2012.05","X2012.06","X2012.07","X2012.08","X2012.09","X2012.10","X2012.11","X2012.12","X2013.01","X2013.02","X2013.03","X2013.04","X2013.05","X2013.06","X2013.07","X2013.08","X2013.09","X2013.10","X2013.11","X2013.12","X2014.01","X2014.02","X2014.03","X2014.04","X2014.05","X2014.06","X2014.07","X2014.08","X2014.09","X2014.10","X2014.11","X2014.12","X2015.01","X2015.02","X2015.03","X2015.04","X2015.05","X2015.06","X2015.07","X2015.08","X2015.09","X2015.10","Num"
"1","Alameda",1510,"CA","San Francisco",6,1,21,192000,192000,191900,191900,192100,192200,192400,193100,194100,195400,196900,197800,198500,199500,200700,202400,204500,206800,208700,211200,214100,217300,220100,222500,224200,225900,227600,229200,230900,232800,234600,236200,237700,239600,241500,243100,244800,247700,252300,258300,264600,270500,275800,281100,287000,293600,301200,309300,317900,326100,333500,340200,346000,351100,356600,362600,367900,372600,376600,380100,382500,382600,380700,378300,377000,377200,378000,378100,377200,377000,377900,379900,383400,389200,395500,400900,405500,409500,413100,416400,419200,421200,422900,424500,426000,427000,428200,430100,433000,436700,441100,446300,452000,457900,464400,471900,480500,490000,499600,509200,518500,527600,536600,546200,556600,567100,577100,586700,595500,603800,612000,619700,625800,630200,632900,634900,635900,636500,637500,637900,636400,633800,631200,629500,628500,627200,625700,623500,620800,619400,619400,618700,616300,612800,609100,605000,600600,595500,590400,585000,578600,569600,558900,548200,538400,528800,519300,509600,499000,488600,480500,473400,469200,468300,466800,462600,458700,455600,453100,450900,449500,449400,449800,450400,450300,449200,448200,447800,447200,446100,445000,443800,442200,439900,437500,435600,433000,429500,425700,421600,416900,412400,408200,405600,404900,405000,404500,404000,403700,404100,405400,407600,410000,413400,418000,422900,428500,435000,441800,448800,455800,462500,469900,479600,492400,506600,520300,532400,542200,550200,556400,561200,565800,570600,573600,578000,585600,593100,597800,601300,605200,609500,614400,620000,624800,628900,635900,644600,651000,656200,663000,671400,679400,686000,691200,441
"2","Amador",829,"CA","",6,5,849,121500,122300,123100,124100,124900,125500,125700,126100,126300,126800,127000,127600,128400,129000,129600,130100,129800,129800,129800,129400,129700,131000,131900,132100,133600,NA,NA,135700,135700,134800,136500,139300,141100,141900,142100,142600,143400,144400,144500,144200,144200,144200,143500,142300,141800,142500,143800,144900,146500,148000,148300,147900,148300,150300,152500,153700,155400,157800,159900,162100,164000,165500,167500,170000,172100,173300,174700,176800,179300,181500,183200,184900,186800,188600,191100,194800,198800,202200,204700,206700,207900,208700,210900,214800,219600,224200,228000,230000,232100,235000,238800,242600,246200,250000,252900,255200,257200,259200,263300,271800,281300,288600,294500,301100,307600,312500,317400,323900,331000,337100,343200,350900,359700,368600,376900,383200,384900,382400,377800,373600,370100,368800,366400,362900,359900,357600,353900,352600,350500,345800,340400,335700,330800,327200,326500,326600,326800,325900,324500,321300,316100,310300,307200,306200,304200,301900,292900,274100,253200,238900,229600,221500,223700,237500,250200,252700,254200,253600,253100,253600,253600,252400,251000,248400,243000,236200,230100,225700,221800,217700,214300,212800,211600,209600,207800,207500,206900,205300,203800,202900,201400,200400,199400,196800,195400,195500,194400,191900,189700,186500,184000,183300,183200,183100,184600,188000,192200,194600,195800,196800,197300,196800,196600,197200,197200,196700,197600,201900,206900,210300,213400,217100,217500,215500,213700,215100,219200,223500,226000,228400,230300,231500,233100,235800,237300,237600,238400,239800,240300,241700,244500,248100,251500,255200,258700,19
"3","Butte",418,"CA","Chico",6,7,264,105700,105700,105300,105200,104900,104300,104100,104000,104000,104400,104800,104900,104200,103200,102600,102400,102200,102300,102500,102700,102800,103000,103300,103500,104300,NA,NA,106200,107700,107900,108400,109100,109900,110900,111700,112300,113000,113100,112600,112200,112400,112800,113200,113800,114800,115800,116800,117900,118800,119900,121400,123000,124100,125100,126800,128300,129300,130300,131700,133600,135800,137800,139500,140800,142100,143600,144900,145700,146700,147700,149400,151900,154400,156500,158700,161500,164600,167400,170300,173700,176600,178700,180700,183100,186100,190000,193200,195400,198300,202200,206000,209700,213300,216700,219500,221900,224800,228100,231800,236300,241200,246000,250500,254700,259200,264400,269500,273300,275900,278700,282000,285100,287500,290000,292400,294200,296200,298800,301400,303000,303200,302600,301700,299900,296400,292100,287700,283500,280100,277700,275900,275500,276400,277800,278300,277900,277300,276600,275300,273300,270100,265800,260500,254400,248900,243700,238800,235300,232800,230800,229400,229300,230200,231100,231500,231500,230500,228700,226700,224800,223100,222000,221000,219800,218000,215300,212400,210500,209500,208700,208200,207700,206800,205900,204700,202300,199700,197900,196100,194300,192300,190400,189000,187900,186600,185000,183600,182900,182700,183100,184100,184900,185700,186600,187400,188300,189600,190800,191700,192600,193700,194700,196100,198500,200700,202300,203900,205700,207300,208800,210800,212900,214900,216400,217200,217500,218200,219100,220000,220500,221100,221800,222700,223700,224100,224400,226000,228200,229800,231400,232600,233500,234800,235900,236700,117
"4","Calaveras",2643,"CA","",6,9,791,118300,120600,123300,124800,124800,124400,123900,123000,122100,122000,122300,123000,123700,124000,124000,124100,124400,124500,124900,126200,127500,128600,129600,130200,129900,129000,128400,129400,130800,131100,130800,130700,130700,130800,131100,131600,132800,134000,134200,134100,134400,135600,136900,138200,139500,141700,144400,146800,148100,149500,151200,152800,154300,155600,156600,158000,160200,162700,164800,166600,168300,170600,173200,176000,178800,181400,183100,183800,184400,185600,188000,190500,193100,195800,198600,201100,204700,208900,212200,215700,220700,226000,229400,231300,233100,234100,234700,236400,238000,240900,247100,253500,256700,258800,261600,265900,271200,277000,282800,288700,294600,301100,307700,314500,320200,324400,329900,338500,347000,355000,363300,369800,374400,377300,378000,377400,376400,375500,376000,376300,375100,371700,369200,369200,370200,368700,368300,370500,371800,370700,367500,363500,359800,358300,358000,356900,353700,349600,345400,341300,338100,335800,331600,324500,316200,309200,300800,290200,281000,275100,269000,262200,258300,257000,255800,253400,251900,249900,247700,245600,244200,241800,238700,235400,232900,231300,229900,228400,226900,225500,224100,222800,221000,219500,218600,217600,216200,214800,213500,212700,211400,208900,206000,204300,202800,201100,198900,196300,193100,190600,188600,186600,184300,182700,182000,181600,181500,181700,181800,182100,183100,184200,186100,189000,192500,196300,201200,206300,210300,213600,217500,221700,224600,226100,226500,227400,229800,233200,235900,237800,239200,240600,242600,244700,245300,244700,244800,246400,249200,250200,248700,247900,249200,251000,252600,29
"5","Colusa",952,"CA","",6,11,1005,NA,NA,NA,NA,NA,NA,NA,NA,NA,NA,87600,88000,88300,88500,87400,86200,87000,88100,88900,90200,90700,90900,92200,92400,91900,NA,NA,92300,92600,92600,92700,93300,94200,94200,94100,95300,96500,96300,96100,95900,97000,97700,98600,100700,104100,106300,105500,103800,102900,102100,99800,100600,103300,105300,105000,105600,106500,107100,108000,110400,110800,110300,112800,116100,116400,116000,116000,114300,113400,114700,117100,119000,119100,118200,121200,129000,136400,139600,142100,144300,146800,151300,158500,162900,166200,171500,176100,176800,175200,177100,181500,186100,187400,187500,184700,184700,191600,202400,205200,205000,207900,212500,211900,214300,221200,230700,241900,255900,267200,270500,274200,283300,291400,297800,307400,311400,305100,298000,295400,297300,301500,307000,304100,293300,291700,296300,303800,311100,310800,305800,309600,308400,302800,299000,299900,296600,293000,287800,283900,280800,285600,281700,265000,255700,249400,239700,231100,227400,223300,221500,219500,217400,221400,233600,242800,241700,242200,240900,233100,220900,207700,195000,184500,175500,168100,157900,150900,148800,143600,139600,144900,151400,152300,151800,151900,152500,151600,150300,148600,145800,143200,141100,138000,137100,137700,137600,135600,133700,131300,130000,128700,127600,127300,128500,130000,132200,134000,135500,135800,135100,134200,135200,136000,136500,137500,138900,139800,141700,143600,145200,147100,149100,150700,154000,156900,156600,156400,158000,159300,160500,165000,171100,174500,174300,173000,175100,179200,183300,187900,191700,191600,191200,191400,190200,189200,24
"6","Contra Costa",3159,"CA","San Francisco",6,13,36,189300,188700,188100,187800,187700,187800,187700,187700,187900,188600,189300,189800,190100,190400,190800,191800,193100,194300,195600,197500,199900,202500,205000,207100,208400,209700,211200,213100,214900,216300,217200,218900,221100,223200,224400,225500,227900,232400,236800,239600,241900,246000,250900,254800,257800,261200,265300,269700,274300,278900,282900,287000,291700,296800,302400,307900,312900,317800,322900,327500,330900,333700,336500,338800,340300,340900,340900,341100,342100,344200,346900,349800,353100,357000,361400,366100,370400,373600,377200,381100,384700,388200,392200,395800,399000,401500,404100,407100,410400,414700,419500,424700,430300,436300,441500,446600,453200,461400,470200,480200,491800,503600,514700,525100,534100,542900,553100,564400,575200,584400,592100,598800,605200,610700,615100,618800,621900,622500,621000,618500,616000,612800,609800,606900,602800,598100,595000,593500,590300,585200,580700,578200,575400,571600,566300,559900,552500,544000,534300,524000,513300,503100,492900,482600,471300,459100,447000,435800,425100,414600,404000,392900,386400,385900,386100,382100,376800,372300,369000,366400,365500,365600,365400,364900,364600,363900,362700,361100,359400,358300,357600,356300,354100,351700,349900,348000,345200,340700,335500,330500,325500,321300,318200,315600,313300,311500,310400,309900,309700,309300,309600,311300,314000,316800,319300,322200,325700,329800,334800,340200,344700,348800,354100,361400,370200,380300,390800,401100,410500,418300,425300,432200,437300,440000,441100,444400,450300,455600,459300,462600,465100,466500,468100,471300,475200,478500,482400,487500,491700,495200,497900,500300,503400,507700,511400,301
"7","El Dorado",2691,"CA","Sacramento",6,17,314,157100,156900,157100,157100,156800,156600,156100,155500,155300,155700,155700,155300,155200,155500,155500,154900,154800,155000,155200,155500,156100,157200,158800,160100,161000,161700,162000,162600,163700,164700,165300,166000,166800,167400,167800,167900,168200,168400,168700,169900,171400,172900,174700,176400,177600,178800,181400,184900,188800,192700,195800,198400,201200,204500,208000,211600,215400,219600,223700,227500,230700,233500,237100,241200,244500,247000,248900,250900,253600,256800,259300,260600,261700,264000,267500,270400,272900,275500,278400,281400,285100,289300,293900,298500,302900,306300,309300,312200,314900,317700,321900,327500,333200,338200,343300,348100,352700,358000,363500,369800,377400,385700,394000,403000,411600,418800,425400,432800,439300,444400,450600,458100,464900,469700,473800,477000,478200,477300,475800,475000,475400,475800,474600,471500,467000,462300,458300,454300,448900,443800,440400,437500,435000,434800,435000,432900,430200,428400,425300,420100,414600,409500,404000,398400,393300,388100,381600,375400,371100,367500,362600,355400,351000,351000,351300,348100,345100,342000,338400,334800,331800,328600,326100,325100,323700,320400,316900,314600,312100,309000,306000,303600,300900,298000,295300,293200,291400,289800,287600,285200,282700,280500,278700,277500,276200,274800,272900,271700,270900,270500,270200,270100,269400,269100,270000,272300,275600,279300,283100,287100,290600,293400,296600,301500,307600,313000,317900,322400,326200,329600,333500,337100,340200,342600,343800,345100,347300,350200,352800,353900,353500,353000,353700,355800,357800,359600,362800,367000,369600,370900,372100,374000,376600,379000,380500,85
"8","Fresno",1018,"CA","Fresno",6,19,43,97600,97400,97100,96600,96400,96100,96000,95700,95500,95300,95600,96000,96300,96200,96200,96100,96100,96100,96100,96200,96100,96200,96600,96800,96700,96600,96500,96600,96700,96800,96800,96700,96900,97500,98000,98300,98600,99000,99300,99300,99300,99400,99700,100300,101400,102600,103400,103500,103500,103900,104500,105000,105200,105500,106100,107000,107700,108700,109700,110600,111400,112500,113500,114600,115900,117000,118000,119000,120200,121300,122500,123900,125100,126400,128400,130800,133100,135000,137000,139100,141500,143800,145900,148400,151400,154200,156300,158700,161900,165600,169100,172100,174800,177900,181300,184700,188900,194000,199300,204600,210700,216800,222600,227800,232300,236800,242100,247800,252700,257300,262400,267700,272500,277100,282200,287400,291400,293500,294900,296100,296800,296600,295800,294400,291800,288200,284900,282100,278900,275800,273100,271000,268700,266100,263100,259800,255600,251200,246700,243000,240100,236400,231300,226100,221200,216500,212000,207300,202400,197800,193200,187900,184200,183400,183300,181600,179400,177200,175000,173200,172100,171300,170400,169500,168700,167700,166200,164700,163300,161800,160500,159400,158300,157200,156100,154700,152800,150300,148400,146700,144900,143200,141500,139400,137800,136800,136000,135600,135600,135900,136400,137100,138000,139000,140200,141500,142700,143800,144700,145700,146800,148100,149700,151300,153000,155300,157900,160800,163800,166900,170100,173000,174900,175800,176400,177600,179800,181600,182400,183300,184400,185600,186500,187500,188100,188400,189300,190600,191800,192900,194200,195400,196400,197200,198000,394
"9","Glenn",524,"CA","",6,21,939,NA,NA,NA,NA,NA,NA,NA,NA,NA,NA,NA,NA,NA,NA,NA,NA,NA,NA,NA,NA,NA,NA,NA,NA,NA,NA,NA,NA,NA,NA,NA,NA,NA,NA,NA,NA,NA,NA,NA,NA,NA,NA,NA,NA,NA,NA,NA,NA,NA,NA,NA,NA,NA,NA,NA,NA,NA,NA,NA,NA,NA,NA,NA,NA,NA,NA,NA,NA,NA,NA,NA,NA,NA,NA,NA,NA,NA,NA,NA,NA,NA,NA,NA,NA,NA,NA,NA,NA,NA,NA,NA,NA,NA,NA,NA,NA,NA,NA,NA,NA,NA,NA,168700,173600,176800,180800,186100,191200,196200,201900,208300,214400,220600,227600,233300,236400,237600,238000,237300,235000,232200,229300,226800,225100,223700,223700,226800,228900,226100,221900,220500,218700,214300,211200,210700,211100,212900,215900,217100,217300,216600,213800,210300,208700,208400,207500,207100,199300,188000,174700,165000,159100,162700,170200,177500,180500,182300,182600,180700,180100,178900,175400,170600,167100,162600,157700,153400,150700,148100,145400,142900,141300,140000,140000,139900,139200,137800,136700,135600,134000,131700,129600,128900,128800,128600,129200,130000,130600,130500,129600,128000,126700,125800,125700,126300,127300,129000,131200,132700,133600,133500,133200,134200,136700,138200,138900,139500,140200,141700,144700,147800,149600,149700,149200,148400,147300,148100,149400,149800,149700,150100,150900,152900,154900,156000,156200,155700,155700,156300,157400,159100,161700,164100,166200,168000,42
"10","Humboldt",2351,"CA","Eureka",6,23,418,105600,106400,106300,106200,106100,106100,106200,106200,106200,106700,107400,107700,107900,108500,108900,109400,109900,110000,109800,109800,109900,109900,109800,109500,109900,NA,NA,110700,111400,111500,111800,112400,113000,113800,114400,114800,114700,113800,112900,113200,114500,115400,115500,115700,116300,116500,117000,118900,121300,122800,123600,124000,124000,124100,124900,126000,127100,128700,129800,130100,130400,131700,132900,134000,135200,136900,138900,140100,141200,143000,145600,148000,150100,151900,154100,156700,160100,163700,166600,168800,171700,175400,178400,180600,184000,189100,193800,196500,199200,203100,207700,212100,215300,219000,223300,228200,232500,235600,237800,240600,244100,248300,253600,258800,264800,270300,275700,281400,287800,292900,297500,303700,309100,312300,314100,316600,318300,317800,317000,318500,320600,320700,320100,318900,317100,315000,312600,312100,312400,311800,311600,312300,312200,313600,317300,320100,323200,325100,326200,326800,326600,325800,323300,318800,314400,310000,306900,305100,300600,294800,291400,289100,286700,283400,279800,276900,274300,272000,269600,267100,265600,265600,264900,263100,262200,263000,263100,261900,260300,259000,257400,255900,254700,253100,251000,249300,248300,248400,248800,247900,246500,245200,243500,241200,239000,236900,234800,232600,230100,227800,226500,226500,226700,226600,225900,225400,226500,228500,230100,230100,229600,229000,229100,229200,229700,230900,232600,233600,233700,234600,236000,236800,237200,238200,238800,239300,241200,243200,243900,244500,245800,246600,247200,248000,248500,248700,250100,252000,252300,251100,250400,251100,252200,253200,253900,127
"11","Imperial",2354,"CA","El Centro",6,25,328,97700,98500,98200,97400,96300,95300,94900,94700,94400,94600,94700,94400,93900,93700,93800,94100,94300,94500,94500,94800,95200,95500,95800,96100,97000,NA,NA,98400,99300,99600,99700,99500,99600,100200,100800,101500,101900,101900,101400,101100,101000,101000,101100,101400,101600,102100,102700,103700,104700,105400,105800,106500,107700,109000,111000,113400,114600,114700,115000,115700,116600,117500,118400,119000,119200,119500,120000,120400,120900,121800,122800,123800,125200,126700,127600,128100,128700,129400,130300,132300,134600,136000,136500,136900,137800,138900,140100,141200,142600,144500,146000,146600,147800,150000,152800,155300,157600,159900,163100,166700,170400,174600,179100,183100,187200,191500,196100,201200,205700,209600,213600,218200,223200,228100,233100,237700,242500,247600,252100,255400,258000,259900,261700,263200,263700,263700,262100,259300,256700,254500,252500,251100,250000,248400,245600,242000,237800,233100,228400,224200,220200,217000,214100,210200,205400,201400,198400,196100,193300,190700,188100,187000,184300,177900,170200,164700,160900,157800,154000,150000,146800,143700,140600,137700,135500,134100,133200,132100,131100,130300,129700,128700,127200,126000,125400,124700,123900,123100,122700,122600,122500,122300,121800,121100,120800,120300,119300,118100,117600,117700,118200,118300,118300,118400,118500,118800,119300,120100,121100,121500,121800,122500,123400,124500,125700,126600,127300,128200,129100,130900,133800,136500,138800,141500,144000,145700,146700,147300,148500,150600,153000,154200,154400,154800,155500,156400,157600,158600,158900,159400,160500,161700,162800,163800,164600,92
"12","Inyo",188,"CA","",6,27,1027,NA,NA,NA,NA,NA,NA,NA,NA,NA,NA,NA,NA,NA,NA,NA,NA,NA,NA,NA,NA,NA,NA,NA,NA,NA,NA,NA,NA,NA,NA,NA,NA,NA,NA,NA,NA,NA,NA,NA,NA,NA,NA,NA,NA,NA,NA,NA,NA,NA,NA,NA,NA,NA,NA,NA,NA,NA,NA,NA,NA,NA,NA,NA,NA,NA,NA,NA,NA,NA,NA,NA,NA,NA,NA,NA,NA,NA,NA,NA,NA,NA,NA,NA,NA,NA,NA,NA,NA,NA,NA,NA,NA,NA,NA,NA,NA,NA,NA,NA,NA,NA,NA,NA,NA,NA,NA,NA,NA,NA,NA,NA,NA,NA,NA,NA,NA,NA,NA,NA,NA,NA,NA,NA,NA,NA,NA,NA,NA,NA,NA,NA,NA,NA,NA,NA,NA,NA,NA,NA,NA,NA,NA,NA,NA,NA,NA,NA,NA,NA,NA,NA,NA,NA,NA,NA,NA,269500,274400,277500,279700,282000,284600,286700,288800,287600,284800,284900,286700,286600,286700,287000,286700,285600,284000,284000,285600,284100,278600,272900,269100,266000,262800,260500,260000,261100,261800,263000,265500,266900,264500,260900,259300,259400,260200,260700,260900,262700,265500,267700,270000,270000,266900,264400,263700,263900,265000,265300,265200,266300,267900,269900,273900,277300,278700,278500,278500,278200,277700,278700,281000,282800,284400,287600,290400,288800,283100,280000,281100,281200,281000,282200,283700,283600,282300,280800,38
"13","Kern",204,"CA","Bakersfield",6,29,58,85100,85300,85500,85800,86000,86000,86100,86200,86200,86200,86400,86500,86400,86300,85900,85700,85500,85200,85000,85000,85000,85100,85500,85900,86200,86400,86700,86800,86700,86800,87100,87200,87500,88000,88400,88600,88600,88700,88700,88800,89000,89200,89500,89800,89800,89900,90300,90700,91100,91800,92600,93200,93400,93600,93800,94100,94600,95300,96000,96500,97100,97800,98400,99000,99500,100000,100400,101200,102200,103300,104500,105600,106500,107200,107700,108500,109800,111400,112800,114100,115800,117700,119500,121400,123400,125200,126800,128500,130200,132000,134200,136600,138800,141200,144100,147100,150700,155300,160500,166100,172200,178000,183700,189600,195200,200500,205800,211900,217600,223200,229100,235400,241900,248600,254500,260100,264900,268000,270400,272700,274400,274800,274400,273100,271500,270300,269000,266800,264300,262300,260500,258700,256800,254200,250700,246500,242300,237900,233400,228400,223600,219300,214400,208500,202900,197900,193700,189500,184500,179200,174800,170700,167100,164200,161000,157100,153300,150300,148100,146600,145100,143100,141300,140100,139000,138000,137500,137300,137100,136900,136600,136000,135500,134700,133700,132500,131300,129700,128300,127200,126100,124900,123800,122600,121700,121600,121500,121300,121100,121400,121900,122600,123700,124600,125200,125800,126800,128000,129100,130400,131800,133200,134800,136900,139400,141700,144000,146300,149000,152100,155000,157500,159600,161600,162700,163000,163300,164100,164900,165500,166000,166300,166600,167300,168100,169100,170600,172600,174000,174600,175000,175500,176100,176600,177000,324
"14","Kings",580,"CA","Hanford",6,31,377,88000,86900,86300,86500,87000,87000,87000,87200,87700,88400,88800,88900,89100,89400,89500,89200,88800,88900,88900,88700,88500,88400,88200,88400,88700,NA,NA,88900,89100,89500,90200,90900,91500,92000,91900,91500,91000,90700,90700,91000,91400,91400,91200,91000,90900,90600,90500,90400,90300,90200,90400,90600,90900,91500,92000,92200,92400,93100,94000,94600,94900,95400,96300,97100,97600,97800,98100,98900,99800,100700,101700,102700,103600,104500,105300,106100,106600,107000,107500,108300,108900,109400,110100,111500,113500,115600,117300,119200,121300,123600,125700,127700,130100,133000,135600,137700,140100,143100,146200,149600,153800,158200,162900,167500,172000,176400,180600,184900,189500,193800,198000,202600,206800,210400,213600,217000,220400,223300,225100,226000,226400,226700,227100,226200,224400,223800,224700,225900,225400,222600,220200,220300,220700,219700,218400,217800,217100,216300,213300,208400,203600,200300,198700,197900,196600,194700,192900,190000,186500,183500,181200,179000,177700,178100,178600,177600,176400,175600,174400,172800,171000,168500,166000,164600,164200,163500,161700,159900,158900,158000,156600,155400,154900,154600,154000,153100,151400,149200,146800,144000,140400,137200,135600,135200,134300,132900,132100,131600,131000,130500,130300,130200,129900,129700,129500,129300,129700,130400,130800,130700,131100,132000,132800,133200,134200,135700,137000,138200,139800,141500,143100,144800,146300,147600,148500,149500,150800,152100,152500,153000,153600,154100,154300,155300,156300,157000,158000,159000,158800,158300,158300,158800,159100,159500,159800,85
"15","Lake",217,"CA","Clearlake",6,33,661,91700,92600,91400,88400,87000,86600,86900,87600,88200,89000,89300,89800,90400,91400,91500,92000,93100,94000,93500,92800,92200,92200,92200,92100,92100,NA,NA,93300,94500,95900,97300,98700,99900,100900,101200,101500,101500,101300,100600,100000,100700,102300,102800,103200,103900,104800,106600,110000,113000,114600,115700,117600,119400,120000,120300,121500,123500,125600,127200,129600,132200,133700,134200,134600,135100,136000,136700,136600,137000,137500,138100,139600,143100,146900,149400,151000,151900,152700,155000,157800,160200,164000,168400,169800,169600,171300,174900,177800,182400,188700,193900,196800,199700,201800,203100,205200,208900,212900,216800,222900,229200,235300,241500,247600,251900,256500,261800,267500,272700,278100,283500,287800,291100,293800,296200,298600,301300,303600,304400,304000,303300,304100,307600,310300,311100,309900,307700,307500,309400,309400,308800,309000,305600,297800,288600,279300,271000,264900,259900,253500,246900,243300,241500,238400,234200,229400,224800,221900,219600,216800,215000,214000,211700,207400,202400,198600,197500,197800,196800,194700,192400,190400,188800,188200,187900,186200,183600,182400,181500,179200,176700,174200,172000,170200,168000,164900,161400,158300,154900,151200,147400,143800,140800,138700,137200,135600,134100,132800,132100,132000,132400,132800,133300,134000,135200,136900,138500,138900,138400,138100,138700,139900,141300,141700,141700,142700,144300,145900,147900,150100,151700,152700,153700,155400,156500,158800,163100,167500,170200,172400,174200,176100,177500,178100,178500,180000,183300,186400,188400,190000,191900,193100,193600,194500,195800,56
"16","Lassen",1143,"CA","Susanville",6,35,877,91400,92300,91400,90000,90700,92900,93000,90300,88800,90900,92800,91200,88200,87800,88100,88600,90300,91500,91200,90600,90100,89900,90600,90700,90700,NA,NA,90900,91800,92200,92700,94000,94900,94500,92900,92600,92400,92300,92400,92900,92400,91800,91000,90100,89300,88500,87000,85900,86100,87800,89800,90900,91100,91300,92200,93800,94400,93100,93100,94400,95400,94600,94100,94500,94900,95300,95600,94700,95600,103300,110300,108300,104500,104300,104200,103300,103300,102800,103600,105300,106100,104900,104300,104300,105500,106600,105700,107100,110800,113000,111700,110800,112500,114800,116300,117900,122300,128500,134400,135700,135600,141000,146000,146600,148100,153900,159500,166200,168500,168100,173100,180800,181800,179900,183500,193000,196400,188900,186100,192400,200900,204100,202400,196300,196300,202100,204400,200700,199700,201900,199100,196500,194700,193900,192200,194100,197100,195500,190500,190000,189400,189700,192500,191000,185900,181600,179100,179100,180600,178700,175300,172700,174600,177000,177700,177300,176700,176500,177300,177900,176800,175600,176200,175400,172400,169800,168000,165600,162900,160000,156400,151800,146600,142400,140000,138200,135800,132900,129000,124500,121100,119100,117800,116800,115400,114900,116200,117500,117300,117200,118500,120400,122800,124100,124500,124700,125800,125400,122700,119700,117800,115300,112800,111400,110800,111400,113100,114600,115100,115200,115400,115800,115200,113100,110100,108800,109300,109900,111000,112000,112400,114300,117400,118700,120100,123100,126400,128700,130400,131000,130000,129200,129000,129900,131300,38
"17","Los Angeles",3101,"CA","Los Angeles-Long Beach-Anaheim, CA",6,37,1,161800,161700,161200,160700,160300,160000,160000,160300,160500,161000,162000,162700,162700,162700,162700,162800,163000,163700,164600,165300,166400,168000,169800,171200,172400,173500,174500,175400,176500,178100,179900,181700,183000,184000,185100,186300,187500,189000,190600,192000,193200,194400,195600,197300,199300,201400,203600,205700,207500,209200,210900,212700,214600,216200,217800,219500,221500,223800,226100,228300,230200,232000,233900,235700,237400,239200,241500,243900,246500,249500,252800,255900,259400,263600,267800,272400,277400,282200,286900,291900,297100,302200,307100,311600,316300,321200,325700,331000,337200,344000,350700,357500,364700,372500,380400,389000,398700,408900,419600,429800,438200,444800,450900,456600,462000,467400,473400,480200,487500,495000,503200,512500,522700,532300,540600,547900,553500,556700,559300,562100,564300,566100,568000,569000,568800,567700,565900,563600,561200,559400,558000,556100,553700,550700,546600,541900,537400,532700,528100,523100,516300,508000,499200,489600,479000,468700,458700,448400,438200,429900,423200,416900,411700,408700,406300,403300,400400,397400,394900,393400,392600,392200,392300,392900,394200,395500,396200,396600,397000,396800,395800,393900,392300,390300,387500,384800,383400,382500,380800,378500,376000,373300,370600,368200,366100,364500,363400,362600,361500,360600,360100,360400,361500,363500,365900,368700,371500,374400,377400,381300,385900,390800,396100,402300,409000,416200,424000,431700,438400,444600,450200,455200,459200,462600,465600,469000,472600,475600,477000,477900,479200,480200,481200,482500,483700,484800,487400,490600,493400,495400,498000,501000,504100,506800,509000,2448
"18","Madera",1156,"CA","Madera",6,39,383,101800,101700,102100,102200,101900,101700,101800,101400,101000,100900,101100,101300,101400,101200,101000,100900,100600,100500,100600,100800,101100,101600,102700,103700,103800,NA,NA,103300,103100,103400,103600,103700,104000,104200,104400,104700,105000,105600,106300,106800,107000,107300,107800,108100,108000,108100,108100,108100,108300,108600,108900,109200,109500,109800,110100,110700,111700,113300,114800,116400,118000,119600,120800,122300,123500,124500,125100,126100,127300,128700,130500,132400,133200,133900,135600,138100,140600,142800,145400,147900,150200,152000,154100,156900,160300,163000,165200,167500,170700,174500,178300,182100,186000,189400,192300,195800,199900,204700,210700,216900,223000,229800,237100,244000,250800,258600,266400,272600,278400,285500,292600,297300,300600,303500,305700,307300,308000,308300,309800,311700,313500,314900,316100,317500,318700,319000,319600,320600,321000,321100,319800,316100,310300,302400,293300,286000,279600,272100,264300,257000,250200,243600,237800,233700,230900,228400,224600,219400,214400,211300,208700,205400,202600,199000,194000,188700,184000,179900,177400,175700,173700,171200,168800,166800,165500,164700,163900,163400,163400,163300,162900,162400,161500,160600,159600,157900,155600,153000,151000,149000,146900,144700,142400,140600,139500,139100,138700,138400,138000,138200,139100,140200,141100,142400,143800,145400,146700,147400,147500,148100,149200,150500,152600,154600,155400,156000,157300,159200,161800,164400,166500,168500,170500,172300,173800,176400,180100,183700,186100,187000,186900,187200,188100,189700,191600,193400,194400,194400,193800,194200,195200,196100,196700,197300,197900,93
"19","Marin",625,"CA","San Francisco",6,41,238,325500,326300,326200,328200,330300,331400,331400,331500,331800,332900,334900,336100,337000,339800,343400,346900,349600,351700,354300,358000,361800,365500,369300,371700,378300,NA,NA,387200,392900,393700,395600,398100,401800,406100,410900,415900,421300,426400,429700,432800,437800,444600,454300,467200,480300,491800,502700,514500,524000,530600,537200,545800,554200,561200,566200,571400,577800,583200,588200,593800,599300,602700,603500,602700,600000,598600,599500,601600,603500,607500,610700,612400,614500,618100,620700,624300,630700,637800,642700,646500,649400,651400,653300,655700,657400,658700,661300,664800,669400,674200,679000,683900,689000,694000,700400,710500,723700,737900,750600,761000,770200,780500,791100,800000,808000,816500,826000,834700,841700,846900,852700,859300,864900,869000,872300,876000,878500,878800,876900,874300,872400,871600,869900,868100,867200,866600,865500,864200,864100,861600,857600,854700,852300,849500,848900,850000,850300,852100,851400,846300,838900,834600,831500,826800,818900,809900,801500,791500,780100,768400,758700,748800,742400,743000,745600,742900,738300,734700,731700,730600,731000,729800,728400,730100,731600,729400,727400,726700,726900,727600,727200,723500,719500,715700,710600,705000,699800,692800,683700,677000,675000,675600,675900,675800,676300,677200,678400,678700,676300,673100,671900,674200,679500,686600,692700,697000,701600,707900,713700,719800,728300,738700,750300,761400,769200,776200,786800,798000,806400,813900,825300,837900,847700,855600,862700,865600,866000,866200,867200,870900,877100,881100,884100,891100,900500,908400,911400,917500,927300,933200,930700,930200,931400,936800,943900,103
"20","Mariposa",2403,"CA","",6,43,1030,104500,104000,103100,102600,102800,102400,103200,105700,106100,105200,106100,107900,107500,106200,105000,105100,105000,103000,99900,99300,99700,98800,99900,100700,101900,NA,NA,107700,116900,119100,120500,119500,112600,106500,107100,107800,106800,105800,107200,107400,105800,103700,102900,104000,105100,102100,100800,101500,98600,99000,100400,98300,99000,104100,106300,111900,118500,119300,116500,115800,117500,118400,116500,116300,116800,116000,113700,112600,113800,116600,118000,118400,117400,117000,119300,120500,120800,122100,124800,126000,128300,132600,138200,144900,152500,155600,155000,156500,159300,163000,166800,169100,171500,177700,184900,188400,191600,197200,206200,213600,216700,220600,230000,237900,241800,244800,244500,244300,247100,253500,260500,267800,273200,277600,283900,289900,293300,293100,296700,307400,316900,318500,322800,331300,338500,340000,335900,333800,337000,336300,331300,325400,322400,321600,320000,312100,299900,291000,286200,282600,280200,285500,290500,289000,283900,281900,273400,266600,266700,264800,255600,246600,239600,233300,226800,219500,212900,206300,201800,198900,197000,196200,197900,200500,202600,203800,205700,208300,210900,213100,214800,216400,217300,217400,216900,215500,212900,209800,206000,202500,199100,195100,189600,184100,180800,180000,179500,178800,178400,179000,179500,179700,180800,183300,185900,188300,189400,189000,188800,189000,189500,188600,188700,190800,192800,193300,196700,201500,203800,204600,205900,206900,206900,207700,210400,216100,223100,228600,232900,235100,238000,243400,247600,247500,245600,243200,241300,239500,236600,233200,230600,229500,228400,226800,225800,19
"21","Mendocino",2796,"CA","Ukiah",6,45,561,NA,NA,NA,NA,NA,NA,NA,NA,NA,NA,NA,NA,NA,NA,NA,NA,NA,NA,NA,NA,NA,NA,NA,NA,NA,NA,NA,NA,NA,NA,153900,150400,150500,153700,154800,153200,152200,150300,147600,145600,145000,145900,145600,144200,145900,152800,158700,161000,164100,166600,164600,163600,166800,170400,172800,176500,179400,180600,180700,185400,194300,200800,203100,204300,204500,203700,206900,213200,215100,210800,210200,213300,216600,220400,224400,228100,234000,241800,246800,250200,253600,257900,262200,264600,265600,268200,270100,272400,276400,280400,281900,284800,289700,297500,303900,306400,309700,318100,329500,337300,344300,354800,366000,372600,379100,386400,391500,398200,404400,407100,408200,408500,404000,401000,399900,398800,401000,406300,411900,418400,423000,426400,427800,426700,425400,428900,440800,450900,445100,436300,435600,435600,430100,422200,413300,405800,399000,396600,390400,377300,366900,363700,359500,353600,352100,356500,369200,382700,389700,378500,366900,373700,383800,371800,353500,341400,331000,320900,313900,312100,314300,315400,311900,306200,304300,305900,308400,310100,311500,311900,310200,306000,303500,304300,305800,304800,302500,302000,302800,302000,299000,294400,288600,282400,275800,271000,267000,262600,259900,261300,263600,264300,263600,261300,258600,258300,259900,262400,262400,260000,259300,262700,266400,269600,271900,273300,273800,275700,279500,285100,290200,293600,296600,300500,302900,305200,312500,322000,326100,322600,317600,317300,321400,325800,329400,332300,335300,339300,343100,346000,349100,352700,354900,352900,349500,85
"22","Monterey",2444,"CA","Salinas",6,53,151,188600,187200,185100,183600,182700,182500,182400,182500,183100,184200,184800,185000,184900,185300,186500,187400,187700,188700,189900,190800,191300,192100,193100,193300,195600,NA,NA,199900,203000,203700,205100,206800,208700,210600,212900,215600,218200,220800,223400,226300,230000,234000,238300,242800,247600,253800,261100,268400,275300,280700,283100,286500,292800,299600,304700,309000,314200,320600,326900,332400,337300,342100,347200,350400,352500,354500,355300,354000,351400,348600,347000,349000,353800,359000,361500,363700,366300,370000,374000,379300,385300,390600,394100,396500,399600,403900,408900,413400,418900,426200,434500,442900,450800,458400,467100,477000,487000,497400,512000,527900,541600,553400,567000,579700,592600,603200,612500,621300,631300,641200,651800,661200,669400,675200,678300,680000,680000,679300,680500,684200,684200,678700,671600,667600,662000,651800,639700,628900,618900,612100,607900,603800,599300,592000,582200,571600,562800,558500,560000,561700,557300,546500,527100,500000,471400,451600,436800,421700,406900,395400,381800,367800,359500,356700,354400,352300,351700,350200,347300,344000,341000,338600,337700,337800,336900,334700,332900,333800,336600,338800,338400,337300,335500,332500,328400,323600,318700,314900,312500,310100,307100,304000,302000,300800,299400,297600,296200,295700,295600,295100,295200,295900,296700,298000,299700,301700,304000,306400,308800,311600,314400,317800,322200,326800,330800,334900,340500,347200,354900,362800,370400,377500,384500,390000,394300,399000,404100,407900,410300,412000,413600,414000,413100,412400,412000,412600,415400,419400,423400,426600,429400,432600,436200,438500,440000,173
"23","Napa",255,"CA","Napa",6,55,415,175300,177000,177800,179000,181100,183100,184700,185700,186900,189000,191100,191500,191300,191900,193600,195800,197700,198500,199700,202000,204100,205100,206700,208100,210300,NA,NA,213200,215300,214900,214300,214800,216800,218800,220400,223200,226900,229600,230800,232800,234600,236300,239100,243500,247300,252200,258300,264400,269100,274100,278600,282500,286200,291200,296300,301200,306700,311900,315000,318300,323800,329800,334500,338200,341700,344600,347000,350300,353200,354700,357600,361500,364000,365400,367800,373400,383100,393400,400600,405300,408900,412200,415300,417700,421600,428700,437300,443600,447600,451100,456000,461500,468200,474300,479700,484800,490400,499000,508500,514300,518500,526700,537900,548100,556100,563800,572000,580800,589100,594800,599700,606900,612900,615700,616000,614600,613500,613800,613500,612700,612500,610700,607600,605900,605700,607900,612900,614800,611600,608400,605800,602400,598400,593200,586100,577700,568600,560800,554400,549000,543900,539700,537400,534800,530000,524200,518500,512500,508200,497400,479700,466100,460300,454700,449100,445000,441100,437600,434300,430800,425400,420500,417000,413400,409300,406100,401800,396800,392500,388300,383900,380900,378600,377500,377800,378700,378600,376400,373000,370500,368200,365000,361800,359300,357100,355300,353800,353300,353800,354300,354200,354100,355000,356300,357800,359500,361700,364700,369100,373400,377000,381000,386100,391800,397900,405600,414800,423600,431000,438800,447400,455100,460200,463000,463600,465100,467900,472000,475700,479400,482100,484500,486000,487300,489200,493400,500300,505400,507400,508300,510600,513800,518400,525100,531700,54
"24","Nevada",1261,"CA","Truckee",6,57,516,155300,155500,155500,155700,156300,157200,157500,158300,159400,160800,161500,161700,161000,160800,161500,163000,164000,164600,165200,165800,166500,167500,168800,169000,170800,NA,NA,173800,175400,174800,175200,175900,176900,178100,179400,180400,181800,183300,185200,187000,188500,190500,193200,196300,200300,204600,208900,213400,217600,221400,224400,227800,232000,236400,239800,243100,246700,249600,252300,255600,260300,266300,271100,272600,273300,274700,275800,276900,277900,279000,279700,280400,282400,286300,290500,294500,299200,303600,307600,311500,315000,317900,320700,323100,324900,325700,326100,327000,328700,331300,334600,338300,341800,345600,349800,354800,360800,367800,376300,385400,393800,402200,409900,416500,423400,431000,438600,446200,452800,458100,463900,469400,474000,478900,484300,489700,494300,497700,499300,499400,498000,495700,493600,492800,491500,488000,484000,479800,474200,469200,467700,468000,467200,465700,463400,460800,459500,458100,454400,451000,447900,440800,431400,423800,417500,411300,404200,397300,390600,384800,380100,374100,369100,368700,370500,369800,368000,365500,362700,359400,356300,354000,352100,350400,349600,348600,346200,343500,340700,337700,335300,332500,328500,324800,321700,317900,313900,310800,307700,303800,300000,296400,292100,288100,284900,282400,280800,280800,281200,281000,280100,279600,279400,279600,280800,283200,285700,287400,288300,289300,291000,292400,293800,296300,301500,308000,314700,321400,328100,332900,336900,341900,347400,352000,355900,359900,362800,364600,365800,366500,366800,368000,370300,372600,372200,370400,370100,370300,369800,370500,371900,373100,374500,376300,377800,56
"25","Orange",1286,"CA","Los Angeles-Long Beach-Anaheim, CA",6,59,6,198900,199300,200000,200700,202000,203100,203500,203300,203500,204200,205000,205000,204600,204800,205700,206600,207600,209100,210900,213000,215400,218100,220000,224700,NA,NA,NA,231800,236900,238400,240300,242400,245100,247600,250100,252300,253900,255700,257500,257400,257000,258600,261600,264300,266800,269900,273200,276200,279100,282500,285000,287000,289400,292700,295800,298700,301800,305500,309200,312800,316500,319800,321700,323800,326900,329900,332100,335000,339100,342800,345800,348700,352800,358000,363900,369700,376200,383400,391000,398200,404700,410600,416500,422000,426900,431300,435700,440700,446900,454500,463500,473500,483100,493300,504700,517800,532500,548700,565000,580000,591700,599300,604400,607900,610000,611600,614800,619800,626100,633500,641200,649200,657400,666000,674900,683000,689100,694600,698900,701800,703400,703200,700200,696600,693700,690600,687200,684400,681900,679600,678000,676300,673000,668300,663800,659300,652400,643800,635700,628300,621500,614300,605000,593000,581000,569800,559800,551600,545800,540700,535700,530900,527400,524400,520900,517600,514500,512100,511400,512000,513200,515200,515800,515100,514600,514300,514000,513500,512400,511000,508900,505100,501200,498200,496100,494000,491600,488500,485500,482800,480300,478200,476200,473900,471400,469500,467700,466400,465600,465100,465000,465700,467500,470100,472800,475600,479000,482700,486600,491100,497000,504100,512300,522200,533300,545000,556200,565200,571900,577300,583900,590300,593800,596000,598800,601700,603700,604500,603600,602300,601400,601200,601900,603600,605400,607700,611000,614100,617100,616700,617000,621200,627200,630700,633900,654
"26","Placer",1325,"CA","Sacramento",6,61,174,160500,161500,162600,163700,164500,164800,165300,165900,166400,167400,169000,169900,170000,170000,170000,169800,169900,170200,170600,170600,171300,173500,176700,179200,180600,182000,183700,185100,186000,187300,188900,190300,191300,192000,191900,191600,191800,192100,192900,195200,198600,202100,205100,208300,212600,217200,220400,222800,225600,228900,231800,234200,236400,238800,241700,244600,247800,251900,256000,259300,262700,267000,271200,274300,276700,279100,281000,282900,284600,285800,286900,288600,290300,292200,294200,296400,299300,303000,306900,310500,313000,315300,318800,323300,327600,331300,335100,339300,343600,347400,351800,356800,361300,365600,371600,378700,385500,392300,399500,407500,415600,422600,429800,438000,446600,454600,461800,468600,475900,482200,487000,490800,493900,496700,497900,498300,499200,499700,498000,495700,492700,490100,487700,484500,478700,471300,464500,458900,453300,448800,446300,444000,440400,436500,432600,428000,423400,419500,416200,413800,410500,404100,395800,388700,382500,376800,370700,365600,362500,360300,357500,352000,347300,345300,344100,341600,339100,335700,332700,330900,329500,327500,325700,324200,322000,319200,316600,314300,312200,310300,307700,304900,302800,301100,299200,297300,295300,293800,292300,289700,286400,283900,282200,280400,279100,278400,278000,277800,278500,279700,281200,282900,285500,289100,292800,296000,298800,301300,304200,307500,311000,314300,318400,323700,329300,336000,344500,353000,359400,364600,369100,372600,376100,379800,382300,384700,387500,388600,388300,388400,389100,389700,390100,391500,393500,395500,398100,401100,403000,404300,405200,405900,406800,408600,410600,148
"27","Riverside",2832,"CA","Riverside",6,65,11,125300,124500,123900,123300,122700,122100,121700,121500,122000,122700,123700,124400,124700,125100,125900,126800,127400,127800,128100,128800,129700,130800,132200,133300,134100,134700,135200,135800,136400,137100,138400,139500,140000,140600,140900,141500,142500,143900,145700,147700,149100,150400,151800,153100,154400,156000,157700,159000,160200,161800,163300,164700,166400,167800,168700,169800,171000,172300,173700,175500,177600,179400,181100,183000,184800,186400,187400,188400,190100,192500,194900,197500,200200,202900,205100,207100,209800,213200,216200,219300,223000,226600,229900,233200,236300,239400,243300,247100,250500,254600,260600,267600,274300,280700,287400,294700,303100,311900,320200,328300,337000,345600,353300,359300,363400,366800,370400,374000,377700,381500,385700,390400,395100,399300,403900,408600,412800,416200,419100,420900,421800,422400,422900,422900,422400,421100,418300,414500,411100,408200,405900,403300,399900,395700,391300,386600,381300,375200,368700,361800,354800,347500,340200,332700,325000,317000,308100,299700,291900,283900,276000,268500,261000,254100,247400,241800,237000,232600,229000,226400,223600,221300,220100,219700,220000,220500,220700,220300,219500,218700,217700,215900,214400,213800,213100,212600,212300,211800,211100,210200,209300,208300,206900,205400,204100,202800,201700,200900,200800,201200,201900,202500,203500,204600,206400,208500,210300,212100,214200,216700,219300,222400,226600,231300,235400,239800,245400,251900,258300,264100,269400,274000,277500,280400,282900,285300,288100,291100,293300,294300,295300,296200,296800,297600,298600,299500,300700,302000,303100,304500,306200,307600,309300,311500,313300,545
"28","Sacramento",3017,"CA","Sacramento",6,67,24,120900,121200,121600,121700,121400,121100,121200,121300,121400,121900,122300,122400,122400,122600,122700,122800,123100,123500,123900,124400,125100,125800,126700,127600,128300,128600,128900,129300,130000,130700,131400,132100,132600,133500,134400,135100,135600,136100,136600,137400,138400,139400,140700,142300,143900,145700,147800,149500,150800,152200,153600,154800,156100,157500,159300,161500,163800,166000,168800,172400,175800,178800,181900,184800,187500,189700,191000,191900,193400,195300,197200,199100,201200,203800,206400,209300,212400,216000,219800,223600,227500,231600,235000,238000,241200,244600,247900,251200,254600,258000,261700,265800,270100,274500,279200,284200,289700,296000,303100,310700,318200,325400,332600,339600,345300,350100,355300,360800,365600,369900,373800,377100,380200,383100,385300,386500,386300,384900,382700,380300,377700,375000,371600,368100,364900,361600,357900,354600,351100,347400,344300,341800,339200,336400,333300,329400,325200,320800,315600,309800,304000,297600,290400,283000,275800,269300,264200,259900,254800,248800,243300,238100,235000,234700,234700,232900,230700,227400,223700,219800,217000,215200,214100,213200,212500,211900,211400,211200,210800,210100,209100,207400,204900,202500,200500,198900,196900,194100,191200,188300,185000,182300,180000,178000,176700,176100,175800,175800,175800,175900,176200,176800,177600,178900,180300,182200,185000,187900,190700,193700,196900,200500,204500,208900,213900,219500,226200,233700,240500,245700,249900,253100,255000,255800,256300,257600,260300,263200,264500,264800,265300,266100,267000,268200,269400,270100,271300,273900,276800,278800,280500,282700,284800,287000,289100,411
"29","San Benito",3020,"CA","San Jose",6,69,718,177700,176800,176300,176600,177600,179500,182100,183400,183300,182900,182600,183600,185900,186000,186400,188900,191500,193000,193400,194600,198200,202200,203700,204500,209600,NA,NA,217200,222000,224600,226500,226600,226200,226500,226900,228200,228900,230500,234600,238500,240700,245100,252900,258800,262200,265700,269200,276900,288600,294100,294700,297700,304700,309600,314600,322000,331700,339800,343300,342900,344000,345900,343500,340200,336700,331600,329300,332200,335400,334400,335000,334600,334200,337200,341400,341400,342600,347300,351800,352600,354100,360300,365000,365300,369200,375900,379100,380700,383700,386800,388800,391400,394500,398600,405300,414000,420200,427100,438900,455200,469300,480900,488300,493100,496100,503600,512700,527000,542600,557500,573800,593100,606400,615100,620900,625100,628300,621700,612400,605300,601900,598500,596600,589100,583600,582300,584200,588500,582900,566800,550200,546000,538700,524500,508000,500000,493000,482200,470000,455400,438700,426700,420700,407200,388300,372000,358200,344600,332200,320900,307700,298700,302200,315400,325000,327000,325200,320800,315000,307700,300600,296200,296000,297100,297300,296700,297000,298700,303400,309300,312900,312700,312400,312900,312400,310200,306600,301000,294600,289100,285000,282300,280500,278800,277800,277700,277600,277100,276200,274900,273400,272100,272500,275300,280000,286200,293400,299900,306000,311200,316100,320300,325000,331600,341000,349400,356900,364400,371600,377800,384700,391200,395000,395500,395600,396600,397600,398200,400400,402800,404700,406800,411100,416400,420300,421900,424100,428000,433000,437400,441700,448200,456900,465600,472900,41
"30","San Bernardino",3250,"CA","Riverside",6,71,12,103800,104000,103900,103900,104200,104300,104200,104200,104200,104200,104700,105200,105300,105200,105100,105100,105200,105300,105600,105900,106400,107000,107800,108500,109000,109600,110200,110600,110800,111200,111800,112300,112900,113900,115000,115800,116500,117100,117700,118100,118600,119200,119900,120600,121300,122200,123200,124100,125100,126100,127000,127900,128800,129700,130500,131400,132700,134100,135400,136800,138300,139600,140700,141600,142600,143900,145200,146600,148000,149600,151000,152300,153700,155600,157600,159700,161800,164300,167100,169800,172200,174600,177100,179800,182600,185200,188100,191300,194700,198200,202100,206700,211900,217200,223000,229100,235800,243400,251700,260300,268400,275400,281500,287200,292500,297500,302700,308100,313500,318900,324600,330500,336800,343300,349800,356200,361600,366000,369900,373900,377000,378500,379000,379100,379000,378100,376800,375300,373000,370800,368400,366200,364200,361700,358100,354000,349700,345000,339800,333700,327100,321100,314300,305400,295200,285100,275900,268100,260600,252400,244300,236700,230100,224500,219300,213800,209000,204800,201400,198200,195100,192500,190600,189200,188300,187600,187200,186800,186700,186700,186100,184800,183900,183400,182700,181900,181300,180300,179300,178300,177100,175900,175000,173500,172300,171600,171300,171200,171300,171300,171400,172000,172700,173500,174600,176600,178600,180400,182200,184300,186500,188800,191300,194300,198100,202200,206900,212000,217000,222000,226600,230200,232900,235400,237800,241200,245200,248300,250300,251900,253100,253600,254300,255400,256800,258100,259400,261000,262500,264800,266600,267200,267500,268700,269400,609
"31","San Diego",2841,"CA","San Diego",6,73,5,164100,163900,163600,163300,163000,162600,162300,162100,162300,163200,164200,164600,164700,165500,166200,166700,167600,169000,170300,171800,173500,175600,177700,179700,181400,182600,183600,185000,186600,187900,189600,191700,193600,195000,196800,199000,201000,202800,204800,206800,208700,210700,212900,215300,217700,220700,224000,227200,230300,233800,237300,240400,243100,245900,248800,251700,254600,257500,260500,263500,266100,268300,270600,273300,276000,278900,281500,284100,287200,290900,294700,298500,302500,307400,313000,319200,325800,332200,338500,344600,350100,354700,359200,363600,367800,371300,374700,378900,384500,390900,398500,407000,415800,424800,433900,443400,454400,467200,480400,492400,501900,509300,514800,519100,522300,525100,527600,530100,532100,533400,534300,535300,536500,537800,538400,538200,537500,537200,537100,536900,536800,536000,533100,529300,525600,522000,518400,516000,514300,513100,512500,511100,507800,503600,499600,495700,491100,485900,481000,476000,469800,462200,453200,443500,435000,427900,421300,414600,408100,401800,395500,388800,383600,380300,377700,374900,372100,369600,368400,368300,369100,370900,372700,374600,376700,378200,379000,380000,381100,381800,381300,379800,378100,375900,373200,370600,367800,364500,361800,359800,357700,354900,352300,350500,349200,348300,347800,347700,347800,348200,349300,350600,351800,353700,356800,359800,363100,367200,371100,374800,379000,384000,389800,396900,404700,412500,420300,427400,433000,437000,441600,446100,450300,453200,454500,455400,457700,459500,459700,459400,459400,460300,462000,465000,468400,471700,475000,477900,479500,480900,482300,484200,486300,489100,491700,830
"32","San Francisco",3227,"CA","San Francisco",6,75,62,258700,259200,259400,260000,261100,261900,262300,263500,265500,267900,271000,273900,277000,279800,282500,285500,288900,291400,293800,297000,300600,304600,308900,313300,317200,320500,323300,327100,331300,334800,337900,341300,344800,348000,350000,351200,353100,356900,362200,368100,374400,382100,391000,401000,411800,423300,434300,445300,456400,467800,477200,483100,486700,491400,496300,500200,503000,503100,503000,505400,507600,506200,506100,508700,512400,516300,518300,516400,514100,515100,516900,517000,519300,527500,538000,547200,554800,560300,563500,566400,568300,568600,568600,568200,567900,569300,573000,577400,582000,585500,590800,600700,613800,625800,637900,651200,663700,670900,673000,674600,677900,683700,692600,702500,712100,724000,738600,752600,761300,765400,769900,776100,780900,785300,788900,789400,788400,786700,782600,778000,777400,778800,778800,777100,776500,775900,773900,770500,769300,772100,778300,786200,794900,803600,811300,817900,822700,826000,826000,822300,816000,810800,805000,797500,789900,782500,772100,761300,752000,744300,740500,741700,739600,731100,722500,715800,708100,701200,697600,696300,695900,695300,694900,696000,698600,702400,706000,706200,703800,702700,702700,700700,698300,697300,696400,694400,693600,692800,688200,681300,676000,673000,670700,669300,668700,668500,668400,669200,671400,673300,675600,679200,683900,689500,697600,708300,719100,729900,741500,752800,762800,772900,784100,795800,806900,818500,833000,848600,862000,873900,885300,893900,901700,910700,920500,931700,943600,953000,959700,963600,966100,969100,974600,980900,986100,989800,998000,1014400,1036900,1057000,1072700,1087900,1103800,1113300,1117600,144
"33","San Joaquin",3134,"CA","Stockton",6,77,81,125500,125100,124500,123900,123400,123100,123200,123200,123000,123000,123200,123800,124200,124600,124800,125000,125200,125700,126200,126800,127400,128100,128900,129500,129800,130400,131000,131500,132000,132600,133200,133700,133900,134300,135100,136200,137400,138300,139400,141400,143200,143700,143900,144600,145800,147700,149800,151700,153200,154900,156500,158300,160700,163400,166500,170100,173800,177500,182000,186700,190500,193900,197300,200000,201500,203000,204700,206400,207700,208500,208900,209300,209800,210100,210700,211800,213600,215900,218400,221000,224200,228000,231500,234200,236900,239800,242300,244300,246800,250000,253700,256900,260300,264100,267700,271200,275700,281300,287700,295000,302900,311000,318800,326400,333500,339300,345300,353100,362300,372000,381700,391100,399400,405900,410400,414000,415600,415000,414200,414100,413400,411900,409600,405900,401000,395500,390600,386600,381700,375200,369500,365100,360800,356400,351700,346600,340700,334000,326700,318900,309700,299900,289100,277200,264900,253600,243300,233900,225000,216300,208500,201000,196300,195700,195700,193200,190400,187000,182500,178200,175100,173000,171300,169900,169100,168700,168700,169000,168700,168000,167500,167300,166800,166100,165400,164500,163600,162100,160200,158300,156500,154900,153500,151900,150700,150300,150000,149600,149400,149400,149500,150400,151600,153300,155200,157000,158900,161200,163400,165600,168000,170000,172100,174900,178900,183500,188000,193000,198600,203800,209000,214300,218100,220000,221000,223100,226400,229800,233200,236800,239200,240300,241500,243600,245200,246600,248700,251000,252200,253500,255500,258200,260900,263000,264400,261
"34","San Luis Obispo",3261,"CA","San Luis Obispo",6,79,223,168400,167600,168000,170100,172500,173600,173600,173600,173100,172700,173300,174900,175700,176000,176300,176500,176000,175500,175400,175900,177200,179700,181600,181500,183500,NA,NA,188600,192500,194200,196400,198600,200300,201400,202400,204400,207300,210000,211200,211500,212600,216400,221300,225900,229700,233900,237600,240400,241700,243300,245800,249600,253200,256100,260100,265400,270600,273300,277000,284200,292400,297700,301400,305600,310500,314300,314900,315900,319300,324200,328200,330500,332600,336300,340900,345100,350400,355800,360200,363500,367300,371900,377100,384300,392200,398400,403300,409400,414600,419600,427700,437800,445900,451300,455000,458500,463200,469300,479100,489900,497700,504000,510800,515900,521100,530700,542100,551300,558500,566600,572000,574600,577600,583300,587700,591200,595000,598100,599600,601200,601600,598900,593800,587800,581400,574300,568000,563200,558800,556300,556000,556200,556200,556100,554300,550300,545700,540900,536200,533200,531100,524900,516000,506400,498300,493100,490300,488000,486400,484900,482400,477300,470500,465000,460600,456100,451400,447000,443700,441500,440000,439000,437700,435500,433600,432500,431100,428700,425600,421700,417400,413400,409800,406400,404200,402300,400100,397400,394900,392700,390900,389300,387600,386200,385400,384500,383400,382800,382800,382800,382600,382000,381700,382400,384100,386100,387900,390700,393700,396700,400100,403800,407500,412300,418600,425600,432800,439700,446500,452400,457200,461600,465100,467600,469400,473600,479400,483200,484600,487000,489800,490600,491100,493200,496100,499300,504000,507800,509000,509500,511300,514100,517200,520700,524000,101
"35","San Mateo",2842,"CA","San Francisco",6,81,76,281700,281800,281900,281700,282400,284000,285900,287800,290200,292700,294800,296800,299100,301700,304300,306900,309700,312200,314800,318300,322800,326800,329700,332800,336200,338600,341000,343900,347300,350500,354000,358100,362400,365900,368700,371200,374500,378900,384500,391100,397900,404600,413000,422200,431500,441000,452100,463100,474600,487800,499600,508600,516300,522100,526000,529400,530600,531500,534700,538700,538000,533400,527600,522200,517200,515200,513800,512600,512800,514100,515300,518800,523100,528100,535000,543400,550100,554300,556800,556600,555300,555300,556400,556800,557400,558900,562100,566200,571900,579200,587200,596800,607900,618700,628900,639000,649500,659300,668100,677500,687600,696300,704400,713400,724300,735800,746000,755100,764500,772500,778200,782800,787600,791600,795200,798400,802200,805900,808800,809400,808100,806100,803900,801100,799500,801300,805600,808200,806800,805000,805700,809200,812700,815100,816600,819500,820200,816200,809500,803000,792500,779300,768600,760000,753000,748000,742000,731800,720200,711500,703100,694000,688000,684100,677300,669700,664500,661900,661700,663200,665900,668000,670000,672200,674700,676000,676500,675400,672100,666900,661200,656200,652400,649400,647100,645700,645300,644200,640700,635500,630300,625800,621600,617700,615000,614600,616300,618000,619300,621100,623700,627500,632500,639500,649500,660700,669200,675600,682200,689000,695700,703400,714800,728800,742800,756400,770500,783100,794200,804700,814200,821300,829000,838200,843700,846800,851800,857000,859100,861600,866600,872000,876400,884700,895000,905600,919000,935600,952400,967400,980800,994900,1008200,1015400,1019200,211
"36","Santa Barbara",3229,"CA","Santa Maria-Santa Barbara, CA",6,83,147,200600,197800,196000,195200,194600,194600,195200,195200,194900,195100,195500,196100,196800,197300,197600,198300,199400,201500,203900,205900,207500,209000,211000,212700,216000,NA,NA,220200,223000,224500,227000,229600,232200,234400,236500,238200,240800,245000,249900,254100,257200,259300,261000,262500,263400,266100,271900,278700,284200,288800,292300,296000,300700,305700,310200,314700,319000,322600,326300,331000,336200,341300,346700,353000,359600,365500,369900,373000,377000,381600,384500,387000,390400,393900,396700,399700,404800,412400,420300,427400,433800,439200,444700,450900,456900,462000,467900,474100,479400,484300,491700,500300,508700,517400,526700,535400,543400,552000,561900,573800,587500,603200,617800,628400,636200,645400,654900,662700,668900,674000,677600,679900,681600,682000,681800,684700,689100,688100,682100,676300,671800,667400,661700,654700,647200,639500,629700,619500,610400,603400,600700,602700,604700,604000,601800,598800,593800,586300,578900,572800,566700,558100,546200,532900,522100,514600,508700,501600,492000,482100,474700,466300,460900,463100,468300,468300,465500,463100,461900,460000,457900,457300,457400,457800,457400,456500,454600,452200,448700,444900,440800,437300,434800,433300,432700,432600,430500,424700,418300,414000,410100,404700,399200,395400,393400,391400,388400,385600,383900,381700,379300,378100,378400,379500,381200,384300,388200,391800,395600,400100,404600,409200,414800,421700,429900,439500,448700,456700,464600,473500,480200,483900,485800,488900,492200,497100,503900,510600,514400,516200,518000,519400,521200,524200,527000,528600,531300,533700,533900,533100,533800,537100,541300,543900,545400,145
"37","Santa Clara",3136,"CA","San Jose",6,85,16,252300,252400,252500,253200,254200,255400,257100,259700,262700,265600,268400,271200,273900,276500,279800,284100,289100,294000,298700,303300,307600,311500,315000,317800,320000,322900,326400,329700,332300,334600,337300,340300,343100,345200,346600,347800,349400,352200,356700,363300,370700,378700,387700,397000,406300,417000,429300,442100,455400,468900,479800,487500,494500,502200,510400,517600,523400,527300,528400,526800,523400,518700,512800,506600,501800,497700,492700,486700,481500,479300,481100,485800,493800,503300,511700,517600,520800,522600,523900,524600,523800,522000,520300,519100,517600,515800,514900,516300,519700,523500,527000,531300,538200,547200,556400,564300,571400,579100,588600,599200,609100,617700,625500,634400,644400,654700,664700,674800,684800,693900,701700,709100,716300,722500,727800,732500,735700,737900,739700,741300,740800,739000,737300,736200,735400,735800,736800,738300,740600,743400,745600,747000,747900,747800,746400,743900,740400,736900,734600,733200,729100,721500,713000,705400,698600,691600,683300,673600,663900,654300,644800,634600,625500,618800,612700,604800,596500,590000,586000,584300,584400,585600,587700,590300,593100,595900,598300,599900,601800,603800,605400,605300,603900,601300,598500,595600,591900,587100,581900,577200,573100,569700,566800,565400,565500,566500,568400,571400,573800,576400,580700,585800,590000,594900,601300,609800,619300,628200,636900,646000,654900,663500,672800,683500,695900,708900,722700,735200,745200,754700,762600,768500,773400,777700,781200,788000,797300,804900,810000,812900,816600,821400,827400,833600,840800,848800,857600,866400,876100,886700,898100,909600,918800,925400,930600,472
"38","Santa Cruz",3025,"CA","Santa Cruz",6,87,233,212100,212500,212900,213900,214500,215300,216100,217000,218000,219200,220200,221000,221800,223100,224600,226800,230100,233700,237400,241400,245400,248600,251400,252700,258100,NA,NA,266200,270900,271300,273400,275600,277900,279800,282200,285900,289600,293100,297000,301700,307100,312900,318900,325100,331400,338700,347700,357600,365900,371800,375100,381900,394400,407300,414300,418600,422000,424600,425700,426600,432400,443400,450900,450600,447900,446000,444300,443300,442900,442700,443200,446500,450800,454900,459800,465000,469300,473100,477500,481600,485400,488800,492400,495700,497900,498500,498200,499000,501700,507200,514500,522300,529000,535500,542300,549500,558300,568500,578000,585100,593000,605100,620600,636300,651100,662300,669600,677800,687000,695100,703700,712400,718100,721500,722900,723600,725400,729100,731700,730400,723700,715900,710000,707300,704400,698800,691900,685700,678800,673300,673900,678900,680800,677300,673300,669100,662800,653300,645000,640400,635600,626100,610100,592100,578700,570800,562900,554700,547800,542000,535600,524800,520800,527600,535900,537500,538700,540200,540900,540300,539700,538100,535600,534100,531300,525700,522200,522400,522100,520300,517400,515100,513700,513200,512400,511200,506800,500700,495300,491100,486800,484600,485100,486500,487400,488700,489900,490800,490300,489100,487800,487900,488600,490000,491300,492100,493000,495800,500200,505700,512000,518200,523700,529900,537000,543900,552100,560900,569900,579300,588500,596400,602800,605700,606000,607500,610800,613500,615800,618200,620400,621900,624100,628000,631900,636600,644400,652300,656800,659900,662400,665000,668300,671700,674000,98
"39","Shasta",1380,"CA","Redding",6,89,324,99500,100000,99700,99800,99800,99800,99900,100000,100000,100400,101000,101300,101100,101000,101100,101300,101200,100900,100600,100500,100600,101200,101500,101200,100600,NA,NA,100600,101200,101900,102300,102700,102700,103000,103500,104400,105100,105500,105700,105800,105500,105300,105300,105300,105700,106400,107000,107900,108600,108700,108600,109000,109700,110300,111300,112600,114000,115500,116700,117800,119000,120400,121900,124000,126200,128100,129600,131200,133300,135200,136600,137900,139500,141300,143200,144800,146400,149000,152400,155300,158100,161100,163800,166300,169200,172500,176000,179200,182200,185200,187700,189900,192600,194700,196200,198200,201200,205000,209000,212800,216800,221300,226200,231300,235500,239000,242900,248100,253500,258000,261800,265300,268500,270600,272400,274900,277200,279100,281900,284200,284000,281400,279000,278200,277500,275700,274000,272400,269200,265900,264200,263200,261800,260400,259000,257700,257200,256200,254200,251900,249700,247400,244000,239700,235700,232600,230200,227400,223800,220300,216800,212600,210600,212100,214100,214700,215200,215400,214400,212600,210600,208600,206700,205000,203300,200300,196300,193300,191400,189000,186700,184700,182900,181300,179800,178300,177000,176000,174400,172100,169200,166600,164500,162800,161700,161500,161600,161400,161300,161200,161400,161700,162300,163100,164600,166700,168700,170100,171400,172500,172800,172900,173500,174500,175900,178500,181800,184300,185900,187900,189900,192100,193700,194600,194700,195500,197200,199000,200200,201700,203500,205200,206500,207400,208000,208600,210100,212100,213600,214600,214500,212700,210700,209900,209400,129
"40","Sierra",1391,"CA","",6,91,1108,65700,66300,65800,66000,66800,67800,68000,67000,66800,68600,70800,71500,71300,72400,74200,76000,78200,79800,80100,80700,81900,81600,80500,79600,81100,NA,NA,83900,85300,83800,83300,83300,82000,80300,79100,78700,79200,80500,80900,81500,81800,82200,82000,81500,80900,82300,83900,85000,85700,86400,86500,86900,87800,89500,92100,94200,94300,94200,94100,94000,95100,95400,94500,95600,98000,98900,98400,97900,101600,108900,114500,115900,115900,115900,117100,116800,116400,116200,116600,117200,117200,114500,114100,115500,115900,116400,116700,117200,119700,123100,125100,127000,131500,136800,138900,139400,143600,151600,159100,160100,159800,164800,168300,166000,164600,169000,174100,180200,181500,181200,184900,193200,196400,195700,200400,213000,220700,215900,210400,209800,216100,219900,215200,208600,204500,201900,199700,197800,194200,194500,193800,191800,189700,188600,188500,188300,186600,183000,178400,175100,174600,175000,176300,176400,172200,166100,161400,157900,158600,159100,158000,159600,162700,159700,156600,158500,159400,159500,160400,158500,155700,154100,150000,139800,131400,129100,127900,119200,110600,108500,111300,115300,116400,113300,110900,111600,110900,108700,108500,110500,110800,106500,101700,98900,96200,95500,96000,95200,94200,93400,91700,91400,94800,98300,97300,95800,96300,96100,96200,97700,98200,96400,94400,94400,94600,94200,95100,97200,100200,105200,111000,114600,115500,116500,118800,121100,124600,127800,129600,131200,133200,136300,139100,140900,143000,146700,150000,152000,153100,155700,158500,159900,160300,162300,164700,11
"41","Solano",1395,"CA","Vallejo",6,95,152,140600,141700,142300,142200,142000,142000,141900,141900,142200,142900,143400,143300,142700,142200,142000,142000,142000,142200,142500,142700,143000,144000,145200,146000,146400,146900,147600,148600,149800,150900,152000,153200,154400,156300,158300,159900,161100,162400,163500,164600,166000,168100,171000,173700,175300,176300,178500,182300,186400,190000,193500,197100,200300,203500,207300,211700,215800,219700,224200,227900,230400,233700,238000,241700,245100,247500,248900,250300,251900,253200,253900,254700,256200,258200,261000,264900,269700,273500,276000,278000,282300,288600,294700,299400,304000,308300,311600,313900,316700,320500,324800,329300,333800,338900,343900,349200,354900,360900,366900,373400,380600,388200,396100,403700,410300,415700,421100,427300,434100,441200,448800,456100,462000,467000,471900,475800,477700,478200,478800,480100,480500,479200,477300,475800,473600,469800,465700,462600,457200,451000,447000,444000,440100,436700,433000,429300,425100,419300,412100,405300,396000,383100,368500,355300,343200,331800,320500,309000,297700,288000,280000,271200,267300,269300,271000,267800,263700,258700,253000,247000,241900,237400,234000,232200,231400,230200,228900,228400,228600,228700,228300,227700,227200,226900,225900,224200,221700,218400,214600,210800,207100,204100,201700,199600,197800,196900,196300,195600,194700,194000,194000,194900,195600,196400,198000,200500,203100,205400,207400,210000,213100,216400,220200,224900,230100,236000,242600,249400,256000,263100,270600,277000,281300,284100,286200,289000,293300,298400,303100,307100,310500,313100,315100,317100,318600,320200,323400,327400,329900,331200,332400,334500,337100,339400,340900,114
"42","Sonoma",1396,"CA","Santa Rosa",6,97,128,188700,188300,187800,187400,187100,186700,186500,186700,186700,187300,188400,189300,189700,190200,190400,190400,191000,192000,192900,194000,195700,197700,199800,201800,203400,204800,206200,207500,208900,211000,213400,215500,217300,219600,221800,224000,225900,229000,233400,238000,241600,245200,249000,252800,257100,262500,268200,273500,278400,283800,289900,296900,304200,310600,315600,320700,326400,331300,335200,339300,342400,343400,343700,343800,343200,342400,342500,343900,345200,345700,346200,347900,351400,355200,358400,361800,367100,372500,377400,382000,386400,390500,394800,398400,401100,403300,406100,409700,413200,417400,424200,431700,438200,444300,450400,456900,465000,473900,482500,490900,499300,507300,515200,522200,528400,534800,541900,549600,557200,564400,571400,579100,586600,592400,595700,598300,599300,598200,597100,596900,596000,593700,589500,584000,578600,572800,565400,558100,551700,546800,544600,545200,545100,542800,538700,533800,527800,520700,514300,507300,497500,486400,475600,464300,453500,446300,441200,434900,426600,418800,411000,402800,400900,405900,408100,404000,400300,398100,396500,394900,393600,392800,392700,394100,395500,394600,392000,389800,387300,384300,381300,378100,375500,373800,372100,369700,366100,361900,357800,353400,347900,342700,338800,336100,334900,334100,333700,333800,334000,333800,334400,336300,339200,341800,344000,346700,350300,354100,358300,363500,368700,373000,377700,384200,390900,396900,403200,411000,419000,426700,435700,444300,449000,450300,451800,455500,462000,469100,474600,477600,479200,480100,481600,484400,486600,489400,495800,503600,508300,510500,512700,516400,521700,528000,533400,233
"43","Stanislaus",3033,"CA","Modesto",6,99,116,109300,108800,108500,108300,107900,107600,107600,107500,107400,107700,108200,108600,108600,108600,108500,108500,108600,108700,108800,109000,109300,110000,110700,111100,111200,111200,111400,111700,112500,113100,113800,114400,115100,115900,116700,117100,117800,118800,119600,120000,120400,120700,121100,121800,123000,124400,125500,126400,127100,128200,130100,132300,134400,136500,138700,141200,143900,146700,149600,152800,156200,159800,162800,164800,166800,168400,169500,170500,171500,172500,173900,176100,178000,179500,181200,183700,186300,188500,190700,193100,195700,198600,201400,203900,206500,209500,212400,215100,218100,221800,225600,229100,232200,235300,238200,241500,245700,250300,254900,259600,264500,270100,277100,284500,291500,298500,306100,313900,321900,329600,336800,343300,348600,353100,357300,360900,363100,364600,365700,366300,366100,364200,360700,356800,353600,350100,346200,341400,335400,328800,323900,320300,316400,311500,306300,300800,295300,288700,280200,272000,265700,259500,251200,241300,231400,222900,216400,210600,204700,198500,192800,187000,181500,177000,173100,168900,164500,160400,156800,153800,151600,150000,148900,148300,147800,147300,147000,147000,147200,147600,147700,147300,146700,145900,144900,143700,142500,141400,140200,138800,137400,136000,134600,133300,132200,131600,131500,131600,132100,132900,133600,134500,135400,136300,137200,138500,140000,141700,143700,145900,148000,150000,152200,154800,157800,161500,166100,171200,175800,179900,184100,188200,191400,193800,195500,198100,202000,205700,208300,209400,210400,211500,212200,213100,215200,217700,220500,223400,225600,227100,228000,228800,230000,232100,234000,222
"44","Sutter",1415,"CA","Yuba City",6,101,530,107600,107000,106700,106700,106500,106500,106700,106700,106500,106600,106700,106700,106800,106800,106500,106000,105900,105500,105200,105500,106100,106400,106700,107100,107100,NA,NA,107100,107300,107500,107400,107600,108200,108900,109700,110500,110700,110500,110300,110300,110600,111400,112300,113100,114000,115000,116000,117200,118700,120100,121400,123200,125100,126700,128300,130100,131400,132700,133800,134700,135800,137100,138500,139800,140900,142300,143900,145300,146800,148600,150300,151900,153700,155800,157800,160800,164400,167800,170300,172700,175100,177600,179800,181800,184000,186600,190300,194400,198100,201900,206400,210900,215400,219900,222600,223500,224800,227600,231100,235200,240100,244900,249200,254300,260000,264600,272300,285200,298100,304900,308800,311700,314200,316100,317300,317600,317300,316300,313800,311300,308800,308300,309900,310800,308600,305400,302500,297600,289900,282400,277400,274400,272700,271000,269700,269700,269500,267700,264900,261200,257200,253000,248500,243900,239900,236900,229600,217500,206400,200300,196900,195500,195900,197700,199400,197800,193600,189000,185500,182800,180900,179000,177000,175500,174800,174600,173200,170300,167100,164600,163700,164000,164400,164000,163100,162500,162500,162400,161700,160500,159400,158300,156800,155600,154700,153300,150700,148000,145400,142900,141800,142200,142900,143000,143700,144900,145900,147000,149400,152000,153700,154700,155800,157700,160500,163900,168000,172700,177200,181000,184900,188400,190700,191700,192100,194100,198400,202700,206000,208900,210800,211600,212000,212600,214500,217000,218700,219400,219900,219800,220100,221600,224900,228700,231800,61
"45","Tehama",1426,"CA","Red Bluff",6,103,668,75700,77200,77500,77700,77900,78600,79400,80100,80200,80600,81100,81500,81900,82400,82600,82600,82400,82000,81400,80700,80100,79800,79200,78300,76900,NA,NA,76100,76100,76800,77700,78700,79500,80000,80600,81700,83400,84400,84200,84300,84700,84900,85000,85200,85400,85900,86800,87400,88000,88500,89000,89100,89500,89800,89900,89900,90100,90800,91600,92500,93400,94000,94700,95500,95600,95600,96200,97100,97700,97900,98300,99200,100200,101100,101700,101900,102400,103800,105400,107000,108400,109400,110000,110700,111200,111800,112600,114400,116900,119200,120500,121700,123600,125700,127500,129300,131700,134500,137800,141400,144900,147700,150900,154100,156300,158500,161300,163300,164500,165300,166300,167600,169400,171000,171800,171300,169500,167400,165600,165000,164400,163800,162800,160900,158100,156000,154500,153900,153600,152400,150400,148700,147700,146900,145700,144300,142600,140100,138000,136500,134200,131100,128100,125600,123500,122400,122600,121800,119800,117600,114800,110900,111100,116000,120500,121100,121000,119900,117800,116400,115800,115900,116300,117400,117500,116300,114900,114600,114900,115100,114700,114000,113200,112500,111000,109100,107200,105300,103400,101900,100100,98200,96800,96100,96100,96600,97500,98200,98000,97800,99100,101600,104200,106400,107600,108300,109100,109100,109800,113100,115900,116500,117200,119100,121500,124200,127000,130100,133200,136800,140600,143100,144400,145500,145900,143500,140400,138600,139100,140800,143000,145300,147400,149200,150100,150400,151000,152800,154700,156600,158100,159600,160600,161500,162400,65
"46","Tulare",1442,"CA","Visalia",6,107,137,92700,92700,92500,91900,91500,91600,91400,91000,90700,90700,90500,90600,90800,90900,91200,91500,91400,90800,90400,90500,91200,91700,91600,91600,91100,NA,NA,90100,89700,90300,91100,91700,91800,91800,91900,92200,92400,92700,92900,93500,93700,93300,92700,92200,91800,92100,92900,94000,95100,95800,96000,96300,96700,97400,98500,99200,100400,101700,100800,98200,97600,98800,99900,100300,100500,100600,100800,101200,101900,102800,103700,104600,104900,105100,105700,106700,107600,108400,109300,110500,111400,112200,113500,115100,116500,117500,118600,120000,121700,123500,125300,127500,129500,131100,133400,137200,141200,144700,148100,151800,156400,162000,167500,172600,177500,182400,187600,192900,198000,203000,208500,213500,217200,220300,223600,226900,230400,233500,236200,238500,240300,241100,242000,242500,241600,238900,235000,231200,227900,225100,222700,220900,220200,220000,219100,217600,216100,214500,213500,212500,210400,207300,204000,199500,193600,187300,182100,178700,176600,174900,172400,169600,167500,166000,164400,162500,160800,159200,157200,154700,152200,150300,148900,147700,147200,146500,144700,143300,142600,141800,140400,138800,137000,135400,133600,131600,129500,128000,127000,125900,124400,123200,122300,121800,121500,121200,120900,120600,120500,120100,119800,119600,120000,120700,121500,122200,123100,124100,125300,126900,128400,129800,131100,132700,134500,136300,138200,140200,141900,143400,145200,147200,148800,150100,151600,153200,154400,155200,155800,156300,156600,157100,157300,157300,157300,158000,159400,161100,162500,164200,166200,167800,169100,170200,171200,244
"47","Tuolumne",2584,"CA","Sonora, CA",6,109,715,111400,111100,111000,110900,110600,110200,110000,110000,109800,109500,109500,109600,109500,109300,109600,110100,110600,110600,110600,111000,111600,111900,111900,112000,112900,NA,NA,114600,115700,116500,117700,118500,118800,119800,121500,122800,123500,123900,124000,123800,123500,122800,122300,122700,123900,124800,125500,126400,127300,128300,129100,130300,131800,132800,133300,133800,134700,135700,137100,139000,141400,143800,146200,148300,150500,153200,155700,158000,160200,161900,162900,163300,164700,168000,170900,173100,176100,179200,181200,184000,187300,190200,192700,195900,199000,201100,202900,204300,205700,208500,213200,217700,221800,225800,229800,233900,238200,242600,246600,250100,253400,257800,262800,267100,269800,272700,276900,282300,286900,290200,295400,302900,308400,310600,312500,314500,316800,318300,319900,321200,322300,321700,318600,315500,315000,315000,313600,312400,312600,312900,312200,310400,308900,309200,309500,307100,303900,301800,299600,295300,290100,286800,285300,282500,279100,277000,275900,273900,269000,262500,257100,253500,250700,246700,240800,235700,231500,227500,225700,226600,227500,227000,225700,223900,222100,220200,217900,215600,213200,210300,206700,203300,200100,197500,195500,193900,192300,190500,188400,186900,185800,183600,180000,176800,175200,174300,172800,171000,169800,169800,170800,171100,170100,169000,168200,167700,167900,168900,169700,170200,171000,171900,172900,174000,176300,180000,183900,186600,188100,190300,193600,196200,197900,199400,200800,202400,202800,202200,202100,203400,204700,205600,206100,207500,208300,208300,209400,211000,212800,215100,215700,215000,215500,216800,217600,45
"48","Ventura",2061,"CA","Ventura",6,111,59,186500,187400,187900,187700,187300,186900,186600,186500,186700,187400,188000,187700,186900,187000,187200,187700,188600,190000,191400,193200,194900,197000,199400,201600,203300,204800,206000,207200,208700,210300,212200,214100,216100,218100,220100,221900,223300,225300,228100,230500,232000,233900,235900,237800,240300,242800,245300,247800,249900,252000,254900,258100,260700,261900,263200,265400,267900,270200,272300,273900,275200,276600,278000,280000,282400,285000,287600,290800,294600,298800,302600,306200,310500,315700,320800,326300,332800,340200,348200,355800,361800,367500,374300,381400,387900,393400,398500,404400,411600,419800,428500,436300,443800,452000,461800,472200,483400,494800,507100,519600,529800,537000,543000,548500,553100,557400,561700,567100,573600,580900,587300,592400,597000,603000,608700,615100,621200,625600,628600,633000,637000,638400,637500,635700,632500,627400,621700,617300,612200,605800,599300,592400,584800,578000,570300,562600,555200,548100,542100,536200,526900,516400,506900,497800,488200,479200,471100,463900,458000,452400,445000,434300,429700,433600,437500,435800,433500,431700,430300,428700,427200,426000,424600,424200,424800,423900,422200,421600,421600,420500,418100,415500,413800,412800,411900,411400,410000,407600,404600,401600,398100,395200,392900,390600,388500,387000,385900,386000,385900,384700,383100,382500,382300,383000,385100,387600,389800,392200,395700,399700,403800,407500,411700,417100,423900,431400,439000,446600,453700,460300,467200,474200,478500,479700,480100,482500,486100,489100,491400,493100,494400,495000,495600,496700,498000,499200,502300,506800,509500,510600,513000,516600,519800,522200,524200,245
"49","Yolo",340,"CA","Sacramento",6,113,286,145800,143900,142800,143000,144700,146200,146400,146200,146300,146200,145600,145700,146900,148000,148400,148300,148400,148700,148600,149100,149800,149900,149400,149200,148500,NA,NA,148100,148600,149800,151100,152100,153400,155900,158500,160600,163100,165300,166900,168000,169600,171000,171800,171900,172800,174000,175000,175900,177300,179500,181900,184000,185400,186700,188900,192500,196500,199600,202100,204600,207000,209400,211600,214100,216800,219600,222300,225000,226800,228300,230600,235000,240600,246000,250400,254700,258900,263600,268000,271800,276100,280500,284400,288000,291600,295100,299100,303000,307600,311500,315300,320700,327300,332700,337100,341300,345800,351800,360100,369700,380300,391100,399000,404200,409400,414000,418000,423700,430000,434100,437000,439900,442700,447100,453700,460400,465200,468800,471100,472300,470800,466900,462200,456200,447700,438100,429200,420500,410200,401200,397100,397900,398500,396200,391400,385800,379900,374600,370300,366900,364400,363500,359600,349500,338400,332300,330500,329700,327300,321400,315600,311400,309000,307700,306600,304200,302500,300900,298900,296600,295000,293800,291500,287200,283100,280700,279000,277300,276000,274900,273000,270900,269900,270100,269600,268500,266400,263800,261000,258600,256000,253500,250800,248800,246500,243300,240300,238500,237300,236100,235600,236100,236700,237200,238600,240100,242100,245200,248300,250600,253500,256500,259200,263500,269800,276400,282400,288300,295100,302200,309700,317300,323600,326200,326400,327000,327400,327300,327500,328200,329100,331200,334600,338300,340500,341700,344300,347300,349500,351400,352800,353700,354800,357000,359500,72
"50","Yuba",346,"CA","Yuba City",6,115,627,94800,93300,90800,89400,88400,87800,87800,88100,88600,89200,89300,88400,87200,86100,85000,84200,84100,84500,84700,83900,82600,81600,80700,81000,81800,NA,NA,83600,86700,89400,89900,90600,91400,92200,92600,93100,93700,94000,93700,93700,93800,93900,93900,94100,94400,94600,95100,96200,97600,98300,98500,99300,100200,101200,102600,103900,104900,106500,108500,109700,110500,111500,113100,114700,116000,116700,117100,117000,117300,117600,118700,121000,123200,124400,125700,127700,129900,131900,134500,137400,140100,143000,146200,148600,151000,154300,158000,161000,163100,165900,169900,173500,176100,178300,180300,183300,188100,193800,199000,204900,212300,219800,225700,231600,238500,245900,252700,259000,264600,269400,273900,277600,281100,284500,287200,289000,290600,291000,289500,286400,284500,285900,288400,289400,289100,288200,287400,285900,283200,280200,277800,275500,271600,265200,258600,252700,245800,238100,231500,226500,222300,218100,214400,211800,208800,204100,198800,193600,188300,183200,179100,175700,173700,172900,172100,170500,168900,166400,162100,157300,154900,154900,155400,154800,153500,151900,150500,149200,147700,147300,148400,149900,150400,149800,148100,146300,144600,143400,141900,139900,137800,136000,133700,131400,129400,127600,125600,123500,121900,121200,120800,120500,120200,120400,121500,122900,124000,125300,127100,129300,131700,133600,135500,138200,141000,143900,147100,150700,154500,157700,160100,162200,163700,164000,163900,164800,167000,169600,171900,174500,177400,179400,180900,182400,183500,184300,185200,186300,187400,188700,189900,190900,191700,192400,193000,45
